id,lat,lng,country_name,country_flag,country_description_pt_br,country_description_es_es,country_description_en_us,song_name,song_author,song_description_pt_br,song_description_es_es,song_description_en_us,audio,teacher_name,teacher_photo,teacher_bio_pt_br,teacher_bio_es_es,teacher_bio_en_us,teacher_link
1,39.9042,116.4074,China,üá®üá≥,"A China possui uma das tradi√ß√µes musicais mais antigas do mundo, com instrumentos como o erhu e o guzheng. A m√∫sica tradicional chinesa reflete milhares de anos de hist√≥ria e filosofia.","China posee una de las tradiciones musicales m√°s antiguas del mundo, con instrumentos como el erhu y el guzheng. La m√∫sica tradicional china refleja miles de a√±os de historia y filosof√≠a.","China has one of the world's oldest musical traditions, featuring instruments like the erhu and guzheng. Traditional Chinese music reflects thousands of years of history and philosophy.",B√†i Ni√°n (ÊãúÂπ¥),Traditional,"M√∫sica cantada para celebrar o Ano Novo Chin√™s, festa importante que leva multid√µes a passar a noite inteira em claro, nas ruas ou visitando amigos e familiares, celebrando juntos a vida e a prosperidade.","M√∫sica cantada para celebrar el A√±o Nuevo Chino, fiesta importante que lleva multitudes a pasar toda la noche despiertos, en las calles o visitando amigos y familiares, celebrando juntos la vida y la prosperidad.","Song sung to celebrate Chinese New Year, an important festival where crowds stay up all night, in the streets or visiting friends and family, celebrating life and prosperity together.",media/audio/bai-nian.mp3,Tony Lee,media/images/teachers/tony-lee.jpg,"M√∫sico e ator chin√™s radicado no Brasil h√° 25 anos, desafia a Magn√≠fica a mergulhar na sonoridade diversa da China. Toca o Sheng, instrumento milenar de sopro.","M√∫sico y actor chino radicado en Brasil hace 25 a√±os, desaf√≠a a la Magn√≠fica a sumergirse en la sonoridad diversa de China. Toca el Sheng, instrumento milenario de viento.","Chinese musician and actor living in Brazil for 25 years, challenges Magn√≠fica to dive into China's diverse sounds. Plays the Sheng, an ancient wind instrument.",
2,28.6139,77.2090,India,üáÆüá≥,"A √çndia tem uma das tradi√ß√µes musicais mais ricas do mundo, com sistemas cl√°ssicos como o hindustani e carn√°tico. A m√∫sica indiana √© profundamente espiritual e diversa.","India tiene una de las tradiciones musicales m√°s ricas del mundo, con sistemas cl√°sicos como el hindustani y carn√°tico. La m√∫sica india es profundamente espiritual y diversa.","India has one of the world's richest musical traditions, with classical systems like Hindustani and Carnatic. Indian music is deeply spiritual and diverse.",Raghupati Raghav Raja Ram,Mahatma Gandhi (popularizou),"Bajhan, canto de adora√ß√£o ao casal divino Rama e Sita. Foi cantado por Gandhi na Marcha do Sal em 1930, marco para a independ√™ncia da √çndia. Uma prece que pode ser entoada como agradecimento, s√∫plica ou contempla√ß√£o.","Bajhan, canto de adoraci√≥n a la pareja divina Rama y Sita. Fue cantado por Gandhi en la Marcha de la Sal en 1930, hito para la independencia de India. Una plegaria que puede entonarse como agradecimiento, s√∫plica o contemplaci√≥n.","Bajhan, a devotional song to the divine couple Rama and Sita. Sung by Gandhi in the 1930 Salt March, a milestone for India's independence. A prayer that can be sung as gratitude, supplication, or contemplation.",media/audio/raghupati.mp3,Ratnabali,media/images/teachers/ratnabali.jpg,"Musicista, compositora e cantora indiana radicada no Brasil. Ensinou √† Magn√≠fica sutilezas de interpreta√ß√£o de Rhaja Ram.","Musicista, compositora y cantante india radicada en Brasil. Ense√±√≥ a Magn√≠fica las sutilezas de interpretaci√≥n de Rhaja Ram.","Indian musician, composer and singer living in Brazil. Taught Magn√≠fica the subtleties of interpreting Rhaja Ram.",
3,32.4279,53.6880,Iran,üáÆüá∑,"A m√∫sica persa tem mais de mil anos de hist√≥ria, com instrumentos √∫nicos como o tar e o santur. A tradi√ß√£o musical iraniana combina poesia e melodia de forma sublime.","La m√∫sica persa tiene m√°s de mil a√±os de historia, con instrumentos √∫nicos como el tar y el santur. La tradici√≥n musical iran√≠ combina poes√≠a y melod√≠a de forma sublime.","Persian music has over a thousand years of history, with unique instruments like the tar and santur. Iranian musical tradition sublimely combines poetry and melody.",Mastom Mastom,Traditional,"Muito popular na cultura persa, animando celebra√ß√µes e festivais. Significa 'B√™bado, b√™bado!' - fala de estar embriagado pela bebida e por um amor n√£o correspondido. Tem origem em Shiraz, cidade famosa por templos e jardins.","Muy popular en la cultura persa, animando celebraciones y festivales. Significa '¬°Borracho, borracho!' - habla de estar embriagado por la bebida y por un amor no correspondido. Tiene origen en Shiraz, ciudad famosa por templos y jardines.","Very popular in Persian culture, livening up celebrations and festivals. Means 'Drunk, drunk!' - speaks of being intoxicated by drink and unrequited love. Originates from Shiraz, a city famous for temples and gardens.",media/audio/mastom.mp3,Mah Mooni e Arash Azadeh,media/images/teachers/mah-mooni-arash.jpg,"Dois iranianos que compartilharam esta m√∫sica com a Magn√≠fica Orchestra. Mah Mooni √© cantora e Arash Azadeh tamb√©m contribuiu com seu conhecimento da cultura persa.","Dos iran√≠es que compartieron esta m√∫sica con Magn√≠fica Orchestra. Mah Mooni es cantante y Arash Azadeh tambi√©n contribuy√≥ con su conocimiento de la cultura persa.","Two Iranians who shared this music with Magn√≠fica Orchestra. Mah Mooni is a singer and Arash Azadeh also contributed his knowledge of Persian culture.",
4,4.5709,-74.2973,Colombia,üá®üá¥,"A Col√¥mbia √© rica em g√™neros musicais como a cumbia, o vallenato e o bambuco. A m√∫sica colombiana reflete a diversidade cultural e geogr√°fica do pa√≠s.","Colombia es rica en g√©neros musicales como la cumbia, el vallenato y el bambuco. La m√∫sica colombiana refleja la diversidad cultural y geogr√°fica del pa√≠s.","Colombia is rich in musical genres like cumbia, vallenato, and bambuco. Colombian music reflects the country's cultural and geographical diversity.",La Guane√±a,Traditional,"Hist√≥ria de Rosario Torres, mulher valente que se tornou s√≠mbolo latino do empoderamento feminino. Nasce nas montanhas colombianas no s√©culo 18, durante lutas pela independ√™ncia. Ritmo Bambuco Sue√±o da Col√¥mbia andina.","Historia de Rosario Torres, mujer valiente que se convirti√≥ en s√≠mbolo latino del empoderamiento femenino. Nace en las monta√±as colombianas en el siglo 18, durante luchas por la independencia. Ritmo Bambuco Sue√±o de Colombia andina.","Story of Rosario Torres, a brave woman who became a Latin symbol of female empowerment. Born in the Colombian mountains in the 18th century, during independence struggles. Bambuco Sue√±o rhythm from Andean Colombia.",media/audio/la-guanena.mp3,Santiago Quesada,media/images/teachers/santiago-quesada.jpg,"M√∫sico colombiano de passagem pelo Brasil. Ensinou aos Magn√≠ficos o contagiante ritmo Bambuco Sue√±o como forma de agradecer a acolhida que teve durante catorze meses de viagem.","M√∫sico colombiano de paso por Brasil. Ense√±√≥ a los Magn√≠ficos el contagioso ritmo Bambuco Sue√±o como forma de agradecer la acogida que tuvo durante catorce meses de viaje.","Colombian musician passing through Brazil. Taught Magn√≠ficos the infectious Bambuco Sue√±o rhythm as a way to thank the welcome he received during fourteen months of travel.",
5,34.5553,69.2075,Afghanistan,üá¶üá´,"O Afeganist√£o, pa√≠s da √Åsia Central, possui uma rica tradi√ß√£o musical que combina influ√™ncias persas, indianas e da √Åsia Central. A m√∫sica afeg√£ √© conhecida por suas melodias suaves e instrumentos tradicionais.","Afganist√°n, pa√≠s de Asia Central, posee una rica tradici√≥n musical que combina influencias persas, indias y de Asia Central. La m√∫sica afgana es conocida por sus melod√≠as suaves e instrumentos tradicionales.","Afghanistan, a country in Central Asia, has a rich musical tradition that combines Persian, Indian and Central Asian influences. Afghan music is known for its gentle melodies and traditional instruments.",Molla Mammad Jaan,Traditional,"A mulher apaixonada convida seu amado para passear em um campo de tulipas vermelhas, que crescem livres no Afeganist√£o. O 'Mulah Mohamed' √© um estudioso da religi√£o que encanta a mo√ßa, mas ela n√£o tem certeza se seu amor √© correspondido.","La mujer enamorada invita a su amado a pasear por un campo de tulipanes rojos que crecen libres en Afganist√°n. El 'Mulah Mohamed' es un estudioso de la religi√≥n que encanta a la joven, pero ella no est√° segura si su amor es correspondido.","A woman in love invites her beloved to walk in a field of red tulips that grow wild in Afghanistan. 'Mulah Mohamed' is a religious scholar who charms the girl, but she's not sure if her love is reciprocated.",media/audio/molla-mammad.mp3,Kawa Mo,media/images/teachers/kawa-mo.jpg,"Jovem m√©dico afeg√£o que saiu de seu pa√≠s em f√©rias e n√£o p√¥de voltar pois o governo fechou as fronteiras. Nos fez conhecer um Afeganist√£o suave e rom√¢ntico.","Joven m√©dico afgano que sali√≥ de su pa√≠s de vacaciones y no pudo volver pues el gobierno cerr√≥ las fronteras. Nos hizo conocer un Afganist√°n suave y rom√°ntico.","Young Afghan doctor who left his country on vacation and couldn't return because the government closed the borders. Introduced us to a gentle and romantic Afghanistan.",
6,-13.5320,-71.9675,Peru,üáµüá™,"O Peru tem uma rica tradi√ß√£o musical andina com instrumentos como a quena e o charango. A m√∫sica peruana reflete a heran√ßa ind√≠gena, espanhola e africana.","Per√∫ tiene una rica tradici√≥n musical andina con instrumentos como la quena y el charango. La m√∫sica peruana refleja la herencia ind√≠gena, espa√±ola y africana.","Peru has a rich Andean musical tradition with instruments like the quena and charango. Peruvian music reflects indigenous, Spanish, and African heritage.",Valicha,Miguel Angel Hurtado,"Do encontro de uma linda mo√ßa com um compositor inspirado nasce esta can√ß√£o. Valicha √© o apelido de Valeriana Condori de Cusco. Os versos misturam espanhol e quechua, exaltando a paix√£o comparando Valicha √†s √°rvores e flores da regi√£o montanhosa.","Del encuentro de una linda joven con un compositor inspirado nace esta canci√≥n. Valicha es el apodo de Valeriana Condori de Cusco. Los versos mezclan espa√±ol y quechua, exaltando la pasi√≥n comparando a Valicha con √°rboles y flores de la regi√≥n monta√±osa.","From the meeting of a beautiful girl with an inspired composer, this song was born. Valicha is the nickname of Valeriana Condori from Cusco. The verses mix Spanish and Quechua, exalting passion by comparing Valicha to trees and flowers of the mountainous region.",media/audio/valicha.mp3,Martha Gald√≥s,media/images/teachers/martha-galdos.jpg,"Cantora peruana residente em S√£o Paulo. Ensinou aos Magn√≠ficos as nuances da hist√≥ria e dos idiomas e se junta √† Magn√≠fica interpretando os solos desta m√∫sica encantadora.","Cantante peruana residente en S√£o Paulo. Ense√±√≥ a los Magn√≠ficos los matices de la historia y los idiomas y se une a Magn√≠fica interpretando los solos de esta m√∫sica encantadora.","Peruvian singer living in S√£o Paulo. Taught Magn√≠ficos the nuances of the story and languages and joins Magn√≠fica performing the solos of this enchanting music.",
7,-15.7942,-47.8822,Brazil,üáßüá∑,"O Brasil √© conhecido pela diversidade musical, do samba √† m√∫sica sertaneja, do forr√≥ ao maracatu. A m√∫sica brasileira reflete a rica mistura cultural do pa√≠s.","Brasil es conocido por su diversidad musical, desde la samba hasta la m√∫sica sertaneja, del forr√≥ al maracatu. La m√∫sica brasile√±a refleja la rica mezcla cultural del pa√≠s.","Brazil is known for its musical diversity, from samba to sertaneja music, from forr√≥ to maracatu. Brazilian music reflects the country's rich cultural mix.",Tembi'u Por√£,Traditional Guarani,"Canto de agradecimento ao alimento generosamente concedido pela m√£e-Terra (Nhandetchy) e pelo Deus-pai (Nhanderu). O milho √© reverenciado como alimento lindo, sustento da vida. Uma prece em forma de can√ß√£o.","Canto de agradecimiento al alimento generosamente concedido por la madre-Tierra (Nhandetchy) y el Dios-padre (Nhanderu). El ma√≠z es reverenciado como alimento hermoso, sustento de la vida. Una plegaria en forma de canci√≥n.","Song of gratitude for food generously granted by Mother Earth (Nhandetchy) and Father God (Nhanderu). Corn is revered as beautiful food, sustenance of life. A prayer in the form of song.",media/audio/tembiu-pora.mp3,Tainara Takua,media/images/teachers/tainara-takua.jpg,"Artista ind√≠gena Guarani M'bya que dissemina as tradi√ß√µes origin√°rias, o canto e a dan√ßa de seu povo. Com voz e viol√£o, nos marca com sua presen√ßa musical, ao mesmo tempo muito firme e muito suave.","Artista ind√≠gena Guaran√≠ M'bya que difunde las tradiciones originarias, el canto y la danza de su pueblo. Con voz y guitarra, nos marca con su presencia musical, al mismo tiempo muy firme y muy suave.","Guarani M'bya indigenous artist who spreads the original traditions, singing and dancing of her people. With voice and guitar, she marks us with her musical presence, at the same time very firm and very gentle.",
8,-15.8042,-47.8922,Brazil,üáßüá∑,"O Brasil √© conhecido pela diversidade musical, do samba √† m√∫sica sertaneja, do forr√≥ ao maracatu. A m√∫sica brasileira reflete a rica mistura cultural do pa√≠s.","Brasil es conocido por su diversidad musical, desde la samba hasta la m√∫sica sertaneja, del forr√≥ al maracatu. La m√∫sica brasile√±a refleja la rica mezcla cultural del pa√≠s.","Brazil is known for its musical diversity, from samba to sertaneja music, from forr√≥ to maracatu. Brazilian music reflects the country's rich cultural mix.",Quando a Morena,Gabriel Levy,"Linda ciranda composta pelo Maestro Gabriel Levy, criador da Magn√≠fica Orchestra. Com melodia f√°cil e letra rom√¢ntica, em poucos minutos coloca plateias inteiras para cantar e dan√ßar. Cantada em c√¢none, sendo executada mundo afora.","Linda ciranda compuesta por el Maestro Gabriel Levy, creador de Magn√≠fica Orchestra. Con melod√≠a f√°cil y letra rom√°ntica, en pocos minutos pone audiencias enteras a cantar y bailar. Cantada en canon, siendo ejecutada por todo el mundo.","Beautiful ciranda composed by Maestro Gabriel Levy, creator of Magn√≠fica Orchestra. With an easy melody and romantic lyrics, it gets entire audiences singing and dancing in minutes. Sung in canon, being performed worldwide.",media/audio/quando-morena.mp3,Gabriel Levy,media/images/teachers/gabriel-levy.jpg,"Maestro e criador da Magn√≠fica Orchestra de M√∫sicas do Mundo. Com mais de 30 anos de experi√™ncia regendo corais, criou esta composi√ß√£o em ritmo tradicional do nordeste brasileiro.","Maestro y creador de Magn√≠fica Orchestra de M√∫sicas do Mundo. Con m√°s de 30 a√±os de experiencia dirigiendo coros, cre√≥ esta composici√≥n en ritmo tradicional del nordeste brasile√±o.","Maestro and creator of Magn√≠fica Orchestra of World Music. With over 30 years of experience conducting choirs, he created this composition in traditional northeastern Brazilian rhythm.",
9,-15.8142,-47.9022,Brazil,üáßüá∑,"O Brasil √© conhecido pela diversidade musical, do samba √† m√∫sica sertaneja, do forr√≥ ao maracatu. A m√∫sica brasileira reflete a rica mistura cultural do pa√≠s.","Brasil es conocido por su diversidad musical, desde la samba hasta la m√∫sica sertaneja, del forr√≥ al maracatu. La m√∫sica brasile√±a refleja la rica mezcla cultural del pa√≠s.","Brazil is known for its musical diversity, from samba to sertaneja music, from forr√≥ to maracatu. Brazilian music reflects the country's rich cultural mix.",Sou Brasileiro,Traditional (Candombl√© de Caboclo),"Cantiga do candombl√© de caboclo, com ra√≠zes africanas profundas. Os caboclos eram mesti√ßos de brancos e ind√≠genas escravizados que, segundo religi√µes de matriz africana, ap√≥s a morte seguem cuidando de todos n√≥s. Transborda orgulho de ser brasileiro.","Cantiga del candombl√© de caboclo, con ra√≠ces africanas profundas. Los caboclos eran mestizos de blancos e ind√≠genas esclavizados que, seg√∫n religiones de matriz africana, despu√©s de la muerte siguen cuidando de todos nosotros. Desborda orgullo de ser brasile√±o.","Candombl√© de caboclo chant, with deep African roots. The caboclos were mixed-race people of white and enslaved indigenous ancestry who, according to African-matrix religions, continue to care for us all after death. Overflows with pride in being Brazilian.",media/audio/sou-brasileiro.mp3,Vitor da Trindade,media/images/teachers/vitor-trindade.jpg,"Og√£, artista e professor que nos chama a olhar para nossas tradi√ß√µes. Nos ensina que os caboclos tinham muito orgulho de ser brasileiros, sentimento que transborda na m√∫sica esfuziante.","Og√£, artista y profesor que nos llama a mirar nuestras tradiciones. Nos ense√±a que los caboclos ten√≠an mucho orgullo de ser brasile√±os, sentimiento que desborda en la m√∫sica efusiva.","Og√£, artist and teacher who calls us to look at our traditions. He teaches us that the caboclos were very proud to be Brazilian, a feeling that overflows in the exuberant music.",
10,31.9522,35.2332,Palestine,üáµüá∏,"A Palestina tem uma rica tradi√ß√£o musical com o dabke (dan√ßa) e can√ß√µes de resist√™ncia. A m√∫sica palestina preserva a mem√≥ria e identidade cultural do povo.","Palestina tiene una rica tradici√≥n musical con el dabke (danza) y canciones de resistencia. La m√∫sica palestina preserva la memoria e identidad cultural del pueblo.","Palestine has a rich musical tradition with dabke (dance) and resistance songs. Palestinian music preserves the memory and cultural identity of the people.",Wayn a Ramallah,Traditional,"Can√ß√£o sobre deixar seus queridos sem saber para onde. Evoca Ramallah, importante centro religioso. Para fugir de conflitos e guerra, milhares deixam suas casas sem destino certo. Ritmo forte que convoca a seguir em frente, sempre com esperan√ßa.","Canci√≥n sobre dejar a tus seres queridos sin saber a d√≥nde. Evoca Ramallah, importante centro religioso. Para huir de conflictos y guerra, miles dejan sus casas sin destino cierto. Ritmo fuerte que convoca a seguir adelante, siempre con esperanza.","Song about leaving your loved ones without knowing where to. Evokes Ramallah, an important religious center. To escape conflicts and war, thousands leave their homes without a certain destination. Strong rhythm that calls to move forward, always with hope.",media/audio/wayn-ramalah.mp3,Yousef Saif,media/images/teachers/yousef-saif.jpg,"Palestino que viveu 8 anos em S√£o Paulo, sempre acompanhado de seu buzuki, instrumento que toca divinamente. Antes de regressar √† sua terra devastada pelo genoc√≠dio, ensinou esta can√ß√£o tradicional.","Palestino que vivi√≥ 8 a√±os en S√£o Paulo, siempre acompa√±ado de su buzuki, instrumento que toca divinamente. Antes de regresar a su tierra devastada por el genocidio, ense√±√≥ esta canci√≥n tradicional.","Palestinian who lived 8 years in S√£o Paulo, always accompanied by his buzuki, an instrument he plays divinely. Before returning to his land devastated by genocide, he taught this traditional song.",
11,-4.0383,21.7587,DR Congo,üá®üá©,"A Rep√∫blica Democr√°tica do Congo √© o ber√ßo da rumba congolesa e do soukous. A m√∫sica congolesa influenciou toda a √Åfrica com seus ritmos contagiantes.","La Rep√∫blica Democr√°tica del Congo es la cuna de la rumba congole√±a y el soukous. La m√∫sica congole√±a ha influenciado toda √Åfrica con sus ritmos contagiosos.","The Democratic Republic of Congo is the birthplace of Congolese rumba and soukous. Congolese music has influenced all of Africa with its infectious rhythms.",Mbomboliye,Traditional,"Do povo Mongo no Norte do Congo, onde convivem mais de 400 grupos √©tnicos. Mbomboliye significa 'Pe√ßo Licen√ßa' em Kimongo - para comunicar tudo que √© positivo aos s√°bios, guerreiros e ancestrais. Ritmo Kimboka que transborda beleza e vitalidade.","Del pueblo Mongo en el Norte del Congo, donde conviven m√°s de 400 grupos √©tnicos. Mbomboliye significa 'Pido Permiso' en Kimongo - para comunicar todo lo positivo a sabios, guerreros y ancestros. Ritmo Kimboka que desborda belleza y vitalidad.","From the Mongo people in Northern Congo, where over 400 ethnic groups coexist. Mbomboliye means 'I Ask Permission' in Kimongo - to communicate everything positive to the wise, warriors and ancestors. Kimboka rhythm that overflows with beauty and vitality.",media/audio/mbomboliye.mp3,Leonardo Matumona,media/images/teachers/leonardo-matumona.jpg,"M√∫sico congol√™s no Brasil h√° 12 anos. Introduziu a Magn√≠fica nas ondula√ß√µes deste ritmo dan√ßante, chamado Kimboka, que transborda beleza e vitalidade - um ponto alto nos shows da Orchestra.","M√∫sico congole√±o en Brasil hace 12 a√±os. Introdujo a Magn√≠fica en las ondulaciones de este ritmo danzante, llamado Kimboka, que desborda belleza y vitalidad - un punto alto en los shows de la Orchestra.","Congolese musician in Brazil for 12 years. Introduced Magn√≠fica to the undulations of this dancing rhythm, called Kimboka, which overflows with beauty and vitality - a highlight in Orchestra shows.",
12,37.9838,23.7275,Greece,üá¨üá∑,"A Gr√©cia tem uma rica tradi√ß√£o musical desde a antiguidade, com o reb√©tico e m√∫sica folcl√≥rica das ilhas. A m√∫sica grega combina paix√£o mediterr√¢nea com hist√≥ria milenar.","Grecia tiene una rica tradici√≥n musical desde la antig√ºedad, con el reb√©tico y m√∫sica folcl√≥rica de las islas. La m√∫sica griega combina pasi√≥n mediterr√°nea con historia milenaria.","Greece has a rich musical tradition since antiquity, with rebetiko and island folk music. Greek music combines Mediterranean passion with millennial history.",Misirlou,Traditional,"Uma das mais conhecidas can√ß√µes gregas, falando do desejo apaixonado por uma 'mo√ßa do Egito'. Atravessou fronteiras para ser tocada em festas s√©rvias, judaicas, √°rabes. Virou trilha do filme Pulp Fiction. √â o convite para entrar na roda, na dan√ßa coletiva.","Una de las canciones griegas m√°s conocidas, hablando del deseo apasionado por una 'chica de Egipto'. Atraves√≥ fronteras para ser tocada en fiestas serbias, jud√≠as, √°rabes. Se convirti√≥ en banda sonora de la pel√≠cula Pulp Fiction. Es la invitaci√≥n a entrar en la ronda, en la danza colectiva.","One of the most famous Greek songs, speaking of passionate desire for an 'Egyptian girl'. Crossed borders to be played at Serbian, Jewish, Arab parties. Became the soundtrack for Pulp Fiction movie. It's the invitation to join the circle, in collective dance.",media/audio/misirlou.mp3,Katerina Douka,media/images/teachers/katerina-douka.jpg,"Artista grega que gravou esta m√∫sica no primeiro clipe da Orchestra durante a pandemia. Trouxe para a Magn√≠fica uma das can√ß√µes mais ic√¥nicas da cultura grega.","Artista griega que grab√≥ esta m√∫sica en el primer video de la Orchestra durante la pandemia. Trajo a Magn√≠fica una de las canciones m√°s ic√≥nicas de la cultura griega.","Greek artist who recorded this song in the Orchestra's first video during the pandemic. Brought to Magn√≠fica one of the most iconic songs of Greek culture.",https://www.youtube.com/watch?v=Jdt6AY30DIQ
13,33.8886,35.4955,Lebanon,üá±üáß,"O L√≠bano tem uma rica tradi√ß√£o musical que combina influ√™ncias √°rabes, francesas e turcas. A m√∫sica libanesa √© conhecida por suas melodias emotivas e poesia profunda.","L√≠bano tiene una rica tradici√≥n musical que combina influencias √°rabes, francesas y turcas. La m√∫sica libanesa es conocida por sus melod√≠as emotivas y poes√≠a profunda.","Lebanon has a rich musical tradition combining Arab, French, and Turkish influences. Lebanese music is known for its emotive melodies and deep poetry.",Ala Dalouna,Traditional √Årabe,"Significa 'Vamos todos ajudar!' Convoca para tarefas comunit√°rias agr√≠colas e constru√ß√£o. Surge a dan√ßa Dabke ('carimbar os p√©s na terra'). Na Palestina evoca resist√™ncia pol√≠tica. A for√ßa da uni√£o √© reafirmada a cada passo com altivez e alegria.","Significa '¬°Vamos todos a ayudar!' Convoca para tareas comunitarias agr√≠colas y construcci√≥n. Surge la danza Dabke ('estampar los pies en la tierra'). En Palestina evoca resistencia pol√≠tica. La fuerza de la uni√≥n se reafirma en cada paso con altivez y alegr√≠a.","Means 'Let's all help!' Calls for communal agricultural tasks and construction. The Dabke dance emerges ('stamping feet on the ground'). In Palestine it evokes political resistance. The strength of unity is reaffirmed with each step with pride and joy.",media/audio/ala-dalaouna.mp3,Jihad Smaili,media/images/teachers/jihad-smaili.jpg,"M√∫sico descendente de libaneses, residente no Brasil. Ensinou esta can√ß√£o tradicional √°rabe presente no L√≠bano, Palestina, Iraque, S√≠ria e Jord√¢nia, com suas muitas varia√ß√µes da dan√ßa Dabke.","M√∫sico descendiente de libaneses, residente en Brasil. Ense√±√≥ esta canci√≥n tradicional √°rabe presente en L√≠bano, Palestina, Irak, Siria y Jordania, con sus muchas variaciones de la danza Dabke.","Musician of Lebanese descent, residing in Brazil. Taught this traditional Arabic song present in Lebanon, Palestine, Iraq, Syria and Jordan, with its many variations of the Dabke dance.",
14,36.5000,44.0000,Kurdistan,üü°üî¥üü¢,"O Curdist√£o tem uma rica tradi√ß√£o musical com o dengb√™j (narra√ß√£o cantada) e instrumentos como o temb√ªr. A m√∫sica curda preserva hist√≥rias de resist√™ncia e identidade.","Kurdist√°n tiene una rica tradici√≥n musical con el dengb√™j (narraci√≥n cantada) e instrumentos como el temb√ªr. La m√∫sica kurda preserva historias de resistencia e identidad.","Kurdistan has a rich musical tradition with dengb√™j (sung narration) and instruments like the temb√ªr. Kurdish music preserves stories of resistance and identity.",Kelesho,Traditional,"Tem origem na Ge√≥rgia e ressoa no Curdist√£o, regi√£o hist√≥rico-cultural que perpassa Iraque, Ir√£, S√≠ria e Turquia. Kelesho significa homem jovem, exaltado como guerreiro corajoso. A dan√ßa reflete a altivez do canto heroico.","Tiene origen en Georgia y resuena en Kurdist√°n, regi√≥n hist√≥rico-cultural que atraviesa Irak, Ir√°n, Siria y Turqu√≠a. Kelesho significa hombre joven, exaltado como guerrero valiente. La danza refleja la altivez del canto heroico.","Originates in Georgia and resonates in Kurdistan, a historical-cultural region spanning Iraq, Iran, Syria and Turkey. Kelesho means young man, exalted as a brave warrior. The dance reflects the pride of the heroic song.",media/audio/kelesho.mp3,Arjen Brus,media/images/teachers/arjen-brus.jpg,"Curdo de passagem pelo Brasil, ele mesmo um homem jovem enfrentando os desafios do mundo. Trouxe esta m√∫sica da regi√£o do Curdist√£o com seu canto heroico e dan√ßa altiva.","Kurdo de paso por Brasil, √©l mismo un hombre joven enfrentando los desaf√≠os del mundo. Trajo esta m√∫sica de la regi√≥n del Kurdist√°n con su canto heroico y danza altiva.","Kurdish person passing through Brazil, himself a young man facing the world's challenges. Brought this music from the Kurdistan region with its heroic song and proud dance.",
15,35.6762,139.6503,Japan,üáØüáµ,"O Jap√£o tem uma tradi√ß√£o musical milenar, do gagaku imperial ao min'y≈ç (can√ß√µes folcl√≥ricas). A m√∫sica japonesa combina refinamento est√©tico com express√£o emocional profunda.","Jap√≥n tiene una tradici√≥n musical milenaria, del gagaku imperial al min'y≈ç (canciones folcl√≥ricas). La m√∫sica japonesa combina refinamiento est√©tico con expresi√≥n emocional profunda.","Japan has a millennial musical tradition, from imperial gagaku to min'y≈ç (folk songs). Japanese music combines aesthetic refinement with deep emotional expression.",Souma Bon Uta,Traditional,"Cantar e dan√ßar para celebrar a colheita farta e os antepassados. Os versos contam desde a chegada dos convidados at√© voltar feliz para casa. Esta tradi√ß√£o ultrapassou fronteiras da aldeia e tornou-se conhecida em todo Jap√£o.","Cantar y bailar para celebrar la cosecha abundante y los antepasados. Los versos cuentan desde la llegada de invitados hasta volver feliz a casa. Esta tradici√≥n super√≥ las fronteras de la aldea y se hizo conocida en todo Jap√≥n.","Singing and dancing to celebrate the bountiful harvest and ancestors. The verses tell from the arrival of guests to happily returning home. This tradition crossed village borders and became known throughout Japan.",media/audio/souma-bon.mp3,S√©rgio T√ºck,media/images/teachers/sergio-tuck.jpg,"Artista-educador criado em Atibaia, cidade do interior paulista com numerosa col√¥nia japonesa. Transmitiu este fragmento da cultura asi√°tica para os Magn√≠ficos. Nos shows, √© S√©rgio quem toca o Taik√¥, o tambor japon√™s.","Artista-educador criado en Atibaia, ciudad del interior paulista con numerosa colonia japonesa. Transmiti√≥ este fragmento de la cultura asi√°tica a los Magn√≠ficos. En los shows, es S√©rgio quien toca el Taik√¥, el tambor japon√©s.","Artist-educator raised in Atibaia, a city in the interior of S√£o Paulo with a large Japanese colony. Transmitted this fragment of Asian culture to the Magn√≠ficos. In shows, S√©rgio plays the Taik√¥, the Japanese drum.",
16,6.5244,-66.5897,Venezuela,üáªüá™,"A m√∫sica venezuelana √© vibrante e diversa, com g√™neros como o joropo e o gaita. Os ritmos venezuelanos refletem a alegria e paix√£o do povo.","La m√∫sica venezolana es vibrante y diversa, con g√©neros como el joropo y la gaita. Los ritmos venezolanos reflejan la alegr√≠a y pasi√≥n del pueblo.","Venezuelan music is vibrant and diverse, with genres like joropo and gaita. Venezuelan rhythms reflect the joy and passion of the people.",Pajarillo Verde,Traditional,"Conta de um homem fugindo, caminhando escondido, temendo perder vida e liberdade. No limite do pavor, come√ßa a conversar com um passarinho verde que vai escutar seus temores e apontar as melhores sa√≠das ao longo do caminho cheio de perigos.","Cuenta de un hombre huyendo, caminando escondido, temiendo perder vida y libertad. En el l√≠mite del pavor, comienza a conversar con un pajarito verde que escuchar√° sus temores y se√±alar√° las mejores salidas en el camino lleno de peligros.","Tells of a man fleeing, walking hidden, fearing losing life and freedom. At the limit of terror, he begins to talk to a little green bird who will listen to his fears and point out the best ways out along the dangerous path.",media/audio/pajarillo.mp3,Fran Castellar,media/images/teachers/fran-castellar.jpg,"Cantora venezuelana que trouxe na bagagem muitas can√ß√µes tradicionais e tamb√©m o filho, o jovem Anel Castellar, m√∫sico da nova gera√ß√£o integrante da Magn√≠fica, conectado √† sua cultura ancestral.","Cantante venezolana que trajo en su equipaje muchas canciones tradicionales y tambi√©n a su hijo, el joven Anel Castellar, m√∫sico de la nueva generaci√≥n integrante de Magn√≠fica, conectado con su cultura ancestral.","Venezuelan singer who brought many traditional songs and also her son, young Anel Castellar, a new generation musician member of Magn√≠fica, connected to his ancestral culture.",
